Name;Year;TotalStrength
Tumu Crisis;1449;520000
Siege of Tenochtitlan;1521;400100
Siege of Odawara;1590;302000
Pruth Campaign;1710;288000
Battle of Vienna;1683;285000
Battle of Berestechko;1651;273000
Battle of Petrovaradin;1716;225000
Battle of Sarhu;1619;220000
Siege of Rhodes;1522;207500
Battle of Rocoux;1746;205000
Battle of Vaslui
Bătălia de la Vaslui;1475;204020
Siege of Szigetvár
Battle of Szigeth;1566;202500
Battle of Sprimont;1794;199000
Battle of Warburg;1760;192000
Siege of Kazan;1552;190000
Battle of Molodi;1572;185000
Battle of Sekigahara;1600;180000
Battle of Kulikovo;1380;180000
Battle of Khotyn;1621;178000
Battle of Cahul;1770;178000
Third Battle of Panipat;1761;169000
Battle of La Brossinière;1423;166000
Fall of Constantinople;1453;162000
Battle of Malplaquet;1709;161000
Battle of Steenkerque;1692;160000
Battle of Stockach and Engen (1800);1800;156000
Battle of Villinghausen;1761;155000
Battle of Fleurus;1794;152500
Battle of Stavuchany;1737;151000
Second Battle of Zurich;1799;151000
Battle of Valea Albă/Războieni/Akdere;1476;150000
Battle of Domažlice;1431;150000
Battle of Nájera (Navarrete);1367;148000
Battle of Marj Dabiq;1516;145000
Battle of Keresztes;1596;145000
Battle of Tourcoing;1794;144000
Battle of Grocka;1739;140000
Battle of Zenta
(Battle of Senta);1697;140000
Battle of Lauffeld;1747;140000
Siege of Vienna;1529;139000
Battle of Landen;1693;130000
Battle of Slankamen;1691;130000
Battle of the Vorskla River;1399;128000
Battle of Prague;1757;127000
Siege of Namur (1692);1692;126000
Siege of Belgrade (Nándorfehérvár);1456;125000
Battle of Ramillies;1706;122000
Battle of Hohenfriedberg;1745;121000
The Night Attack;1462;120000
Battle of Mohács;1526;120000
Battle of Mohács (1687);1687;120000
Battle of Larga;1770;118000
Battle of Kunersdorf;1759;116000
Battle of Pozzolo;1800;116000
Battle of Hohenlinden;1800;113960
Battle of Antukyah;1531;113100
"Invasion of Shikoku &amp; Siege of Ichinomiya";1585;113000
Battle of Hochkirch;1758;113000
Battle of Breslau;1757;112000
Battle of Vítkov Hill;1420;112000
Battle of Chaldiran;1514;110000
Battle of Blenheim;1704;108000
Battle of Seneffe;1674;106200
Battle of Piacenza (1746);1746;105980
Battle of Liegnitz;1760;105000
Battle of the Cosmin Forest;1497;105000
Battle of Torgau;1760;103400
Battle of Kay;1759;103000
Battle of Leuthen;1757;102000
Battle of Fontenoy;1745;102000
Siege of Groenlo;1672;100600
Battle of Gross-Jägersdorf;1757;100500
Battle of Denain;1712;100000
Battle of Oudenarde;1708;100000
Battle of Aldenhoven (1794);1794;99000
Battle of Alcácer Quibir;1578;98000
Battle of St. Quentin;1557;96000
Siege of Kawagoe Castle;1545;96000
Battle of Hastenbeck;1757;95000
Battle of Aussig;1426;94000
The Second Siege of Jinju;1593;90000
Battle of Höchstädt;1800;90000
Battle of Guastalla;1734;89000
Siege of Rhodes;1480;89000
Battle of Varna;1444;88000
Battle of Novi (1799);1799;87638
Battle of Kutná Hora;1421;87000
Siege of Turin;1706;85700
Battle of Kolín;1757;85000
Battle of Neerwinden;1793;85000
First Siege of Ulsan;1597;84500
Battle of Minden;1759;81000
Battle of Chungju (Choryang Pass);1592;80000
Battle of Turckheim;1675;80000
Battle of the Vedrosha River;1500;80000
Battle of Zorndorf;1758;79500
Battle of Krefeld;1758;79000
Second Battle of Kosovo;1448;77000
Battle of Shizugatake;1583;77000
First Battle of Breitenfeld;1631;76300
Battle of Poltava;1709;76100
Siege of Shkodra;1474;75000
Battle of Minatogawa;1336;75000
Battle of Fleurus;1690;73000
Battle of Preveza;1538;72000
La Noche Triste ("The Night of Sorrows");1520;71000
Battle of Chudnov (Cudnów);1660;70000
Safavid Ghilzai War;1729;70000
Battle of Burkersdorf;1762;70000
First Battle of Zurich;1799;70000
Battle of Wattignies;1793;67400
Battle of Kesselsdorf;1745;67000
Siege of Namwon;1597;66800
Battle of Tedorigawa;1577;66000
The Battle of Valmy;1792;66000
Battle of Alkmaar;1799;65000
Siege of Odawara;1569;65000
Battle of Khotyn;1673;65000
Battle of Orsha;1514;65000
Battle of Schooneveld;1673;64057
Battle of Hondschoote;1793;64000
Battle of Rossbach;1757;64000
Battle of Verdun (1792);1792;63500
Battle of Bergen;1759;63000
Battle of Plassey;1757;62850
Battle of Soor;1745;62700
Battle of Kaiserslautern;1793;62000
Battle of Marignano;1515;60900
Battle of Ollantaytambo;1537;60000
The Battle of Würzburg;1796;60000
Battle of the Boyne;1690;59500
Battle of Dettingen;1743;59000
Battle of Komaki and Nagakute;1584;58500
Battle of Towton;1461;58500
Battle of Flodden;1513;58000
Battle of Warsaw;1656;58000
Battle of Chotusitz;1742;58000
Battle of Neuwied (1797);1797;57500
Battle of Jemappes;1792;56000
Battle of Lobositz;1756;56000
Battle of Castiglione;1796;55000
Battle of Marengo;1800;55000
Siege of Padua;1509;55000
Battle of La Roche-l'Abeille;1569;54500
Siege of Toulon;1793;54000
Siege of Acre;1799;53000
Battle of Castricum;1799;52100
Battle of Bergen;1799;52000
Battle of Holowczyn;1708;51500
Battle of Jodoigne;1568;51500
Battle of Kosovo;1389;51500
Battle of Madonna dell'Olmo;1744;51000
Battle of Rivoli;1797;51000
Battle of Maritsa;1371;50800
Battle of Halmyros;1311;50400
Battle of Cuzco (1533);1533;50360
First Battle of Panipat;1526;50000
Battle of Torches;1583;50000
Siege of Maastricht;1632;50000
Battle of Rocroi;1643;50000
Persian Expedition of 1796;1796;50000
Second Battle of Boulou;1794;50000
Battle of Saragossa;1710;50000
Battle of Trebbia (1799);1799;50000
Battle of Narva;1700;49000
Battle of Krabbendam;1799;48000
Battle of Pločnik;1385;48000
Battle of Buxar;1764;47072
Battle of Almansa;1707;47000
Wars of the Three Kingdoms;1651;47000
Battle of Pinkie Cleugh;1547;46800
Battle of Pavia;1525;46500
Battle of Grunwald;1410;46500
Siege of Maastricht;1673;46200
Battle of Moncontour;1569;46000
Battle of Almenar;1710;46000
Battle of the Pyramids;1798;45000
Siege of Ishiyama Hongan-ji;1570;45000
Battle of Ceuta;1415;45000
Battle of Sacheon;1598;44700
Battle of Mühlberg;1547;44500
Battle of Arcole;1796;44000
Battle of Torroella;1694;44000
Battle of Gembloux;1578;43200
Battle of Yamazaki;1582;43000
Great Siege of Malta;1565;43000
Battle of Höchst;1622;43000
Battle of Dobrynichi;1605;43000
Battle of Bicocca;1522;43000
Battle of Lesnaya;1708;43000
Battle of Loano;1795;43000
Battle of Montes Claros;1665;42600
Battle of Krtsanisi;1795;42500
Siege of Groenlo;1627;42300
Battle of White Mountain;1620;42000
Battle of the Solent;1545;42000
Battle of Meissen;1759;42000
Battle of Domstadtl (Domašov);1758;42000
Battle of Klushino;1610;41650
Siege of Calais;1346;41500
Battle of Szczekociny;1794;41500
Battle of Mikatagahara;1573;41000
Battle of Mollwitz;1741;40600
Battle of Crécy;1346;40500
Battle of Posada;1330;40000
Battle of Ridaniya;1517;40000
Battle of Fornovo;1495;40000
Battle of Morat;1476;40000
First Siege of Nagashima;1571;40000
Battle of Anegawa;1570;40000
Battle of Stadtlohn;1623;40000
Battle of Mbwila;1665;40000
Siege of Bergen op Zoom;1747;40000
Battle of Assietta;1747;40000
Battle of Landeshut;1760;40000
Battle of Ochmatów (Okhmativ);1644;39130
Battle of Marston Moor;1644;39000
Battle of Kombi;1647;39000
Battle of Ravenna;1512;39000
Battle of Zappolino;1325;39000
Battle of Moys;1757;39000
Battle of Villafranca;1744;38000
Battle of Vinegar Hill;1798;38000
Battle of Garigliano;1503;38000
Battle of Agnadello;1509;38000
Battle of Grandson;1476;38000
Battle of Aughrim;1691;38000
Battle of Aljubarrota;1385;37500
Siege of Eger;1552;37200
Battle of Rijmenam;1578;37000
Battle of the Spurs;1513;37000
Battle of Wittstock;1636;36600
Battle of Freiburg;1644;36500
Siege of Jinju;1592;36300
Battle of Norada;1560;36000
Battle of Zusmarshausen;1648;36000
Battle of Alfarrobeira;1449;36000
Siege of 's-Hertogenbosch;1629;35000
Battle of Schellenberg;1704;35000
Battle of Klissow;1702;34900
Battle of Villaviciosa;1710;34000
Battle of Praga;1794;34000
Battle of Lens;1648;34000
Battle of Cassel;1677;34000
Battle of Chojnice;1454;34000
Battle of Saint Gotthard;1664;33500
Battle of Gadebusch;1712;33500
Battle of Novara;1513;32700
Battle of Cartagena de Indias;1741;32500
Battle of Kruševac;1454;32000
Battle of Baia;1467;32000
Battle of Barnet;1471;32000
Battle of Jankau;1645;32000
Battle of Dreux;1562;32000
Battle of Gravelines;1558;32000
Battle of Çıldır;1578;32000
Battle of Agincourt;1415;31500
Battle of Lepanto;1571;31000
Battle of Lützen;1632;31000
Battle of Jüterbog;1644;31000
Battle of Friedlingen;1702;31000
Battle of Bassano;1796;31000
Siege of Cuzco;1536;30700
Siege of Noda Castle;1573;30500
Battle of Mondovì;1796;30500
Battle of Wijnendale;1708;30500
Battle of Brandywine;1777;30100
Battle of Long Island;1776;30000
Battle of San Lorenzo de la Muga;1794;30000
Battle of Hummelshof;1702;30000
Siege of Mount Hiei;1571;30000
Battle of Mimasetōge;1569;30000
Battle of Kallo;1638;30000
Battle of Nördlingen;1645;30000
Battle of Losecoat Field;1470;30000
Battle of Vyšehrad;1419;30000
Battle of Roosebeke;1382;30000
Battle of Ceresole;1544;29850
Siege of Calais;1558;29500
Battle of Fraustadt;1706;29400
Battle of Montebello;1800;29000
Battle of Temmokuzan;1582;29000
Battle of Honnecourt;1642;29000
Battle of the Dunes;1658;29000
First Battle of Newbury;1643;28500
Battle of Ballinamuck;1798;28350
Battle of the Lines of Elvas;1659;28000
Battle of Kōnodai;1564;28000
Battle of Okehazama;1560;28000
Battle of Mingolsheim;1622;28000
Battle of Breadfield;1479;28000
Battle of Nicopolis;1396;28000
Battle of Shrewsbury;1403;28000
Siege of Yorktown;1781;27900
Battle of Helsingborg;1710;27900
Battle of Homildon Hill;1402;27500
Second Battle of Newbury;1644;27500
Siege of Smolensk;1609;27000
Battle of Ivry;1590;27000
Fourth Battle of Kawanakajima;1561;27000
Battle of Jemmingen;1568;27000
Battle of Molinella;1467;27000
Crossing of the Düna;1701;27000
Battle of Lodi;1796;27000
Siege of Fort Zeelandia
(1661–1662);1661;26900
Battle of Reichenberg;1757;26500
Battle of Zieleńce;1792;26000
Battle of Lwów;1675;26000
Siege of Leiden;1573;26000
Battle of Edgehill;1642;25900
Battle of Abukir (1799);1799;25700
Battle of Monmouth;1778;25500
Sack of Rome;1527;25500
Battle of Bannockburn;1314;25500
Battle of Peritheorion;1345;25300
Siege of Haarlem;1572;25275
Battle of Kircholm;1605;25200
Battle of Wimpfen;1622;25000
Battle of Vimory;1587;25000
Battle of Breitenfeld;1642;25000
Battle of Landskrona;1677;25000
Battle of Bileća;1388;25000
Battle of Brustem;1467;25000
Second Battle of St Albans;1461;25000
Battle of Lubiszewo;1577;24500
Battle of Bitonto;1734;24500
Siege of Pilsen;1618;24158
Siege of Groningen;1672;24000
Battle of Wakefield;1460;24000
Battle of Nancy;1477;24000
Battle of Obertyn;1531;24000
Battle of Verneuil;1424;24000
Battle of Lipany;1434;23700
Battle of Wayna Daga;1543;23700
Battle of La Motta;1513;23500
Battle of Alcântara;1580;23300
Battle of Dunbar (1650);1650;23000
Battle of Castagnaro;1387;22600
Battle of Mons-en-Pévèle;1304;22200
Battle of Faughart;1318;22000
Battle of Halidon Hill;1333;22000
Battle of Fleurus;1622;22000
Battle of Callantsoog;1799;22000
Battle of Carillon;1758;21600
The Siege of Busan Castle;1592;21600
Battle of Polonka;1660;21500
Battle of Germantown;1777;21100
Battle of Maciejowice;1794;21000
Battle of Żarnów;1655;21000
Siege of Malmö;1677;21000
Battle of Naseby;1645;20400
Battle of Lund;1676;20300
Battle of Nieuwpoort;1600;20300
Battle of Byeokjegwan;1593;20000
Battle of Cascina;1364;20000
Battle of Zagonara;1424;20000
Battle of Meaux;1421;20000
Battle of Krbava Field;1493;20000
Battle of Stoke Field;1487;20000
Battle of Sangju;1592;19700
Battle of Manila;1762;19300
Battles of Saratoga;1777;19000
Capture of Cadiz;1596;19000
Battle of Solway Moss;1542;19000
Siege of Charleston;1780;18966
Siege of Pyongyang;1592;18700
Battle of Gemauerthof;1705;18600
Battle of Arbedo;1422;18500
Battle of Neville's Cross;1346;18500
Battle of the Golden Spurs;1302;18500
Battle of Montenotte;1796;18250
Battle of Sheriffmuir;1715;18000
Battle of Bothwell Bridge;1679;18000
Battle of Cropredy Bridge;1644;18000
Battle of Dirschau;1627;17900
Siege of Hulst;1645;17750
Battle of Preston;1648;17600
Battle of Poitiers;1356;17000
Battle of Toro;1476;17000
Battle of Castillon;1453;16500
Battle of Saint-Omer;1340;16500
Battle of Isokyro;1714;16500
Second Battle of Athenry;1316;16000
Battle of Brunkeberg;1471;16000
Battle of Nowy Dwór;1655;16000
Battle of Rathmines;1649;16000
Recapture of Bahia;1625;16000
Siege of Odani;1573;16000
Battle of Gangut;1714;15941
Battle of Prague;1648;15500
Second Battle of Panipat;1556;15000
Siege of Troitse-Sergiyeva Lavra;1608;15000
Battle of Blore Heath;1459;15000
Battle of Bosworth;1485;15000
Battle of Sezawa;1542;15000
Siege of Arai;1516;15000
Battle of Cassel;1328;15000
Battle of Montiel;1369;15000
Battle of Culloden;1746;15000
Battle of Falkirk Muir;1746;15000
Siege of Shimoda;1590;14600
Battle of Fehrbellin;1675;14500
Battle of Hemmingstedt;1500;14500
Siege of Orléans;1428;14400
Battle of Stångebro;1598;14200
Battle of Sisak;1593;14000
Siege of Breda;1624;14000
Siege of Ichijōdani Castle;1573;14000
Battle of Frankenhausen;1525;14000
Battle of Brihuega;1710;14000
Battle of Beauport;1759;14000
Battle of Mookerheyde;1574;13900
Battle of Coutras;1587;13600
Battle of Wisternitz;1619;13500
Battle of Adwalton Moor;1643;13500
Battle of Caen;1346;13500
Warsaw Uprising of 1794;1794;13500
Battle of Dungans Hill;1647;12900
Siege of Hachigata;1568;12800
Battle of Byczyna (Pitschen);1588;12500
Battle of Dupplin Moor;1332;12250
Battle of Knocknanuss;1647;12200
Battle of Prostken;1656;12000
Battle of Öland;1676;12000
Battle of Glenlivet;1594;12000
Battle of Płowce
Part of Polish-Teutonic War (1326–1332);1331;12000
Battle of Cravant;1423;12000
Battle of New Ross (1798);1798;12000
Battle of the Thousand Islands;1760;12000
Battle of Ticonderoga;1759;11776
Battle of Arklow (1798);1798;11700
Battle of Warsaw;1705;11500
Battle of Auray;1364;11500
Battle of Turnhout;1597;11300
Battle of Kilsyth;1645;11300
Battle of Trzciana;1629;11300
Battle of Benburb;1646;11000
Attack on Brest;1694;11000
Battle of Hedgley Moor;1464;11000
Battle of the Assunpink Creek;1777;11000
Siege of Fort Ticonderoga (1777);1777;10800
Siege of Tripoli;1551;10800
Siege of Pensacola;1781;10500
Siege of Fort William Henry;1757;10500
Siege of Takatō;1545;10100
Battle of Formigny;1450;10100
Battle of Uedahara;1548;10000
Battle of Pelekanon;1329;10000
Battle of Harlaw;1411;10000
Battle of Górzno;1629;10000
Battle of Lansdowne;1643;10000
Battle of Langside;1568;10000
Relief of Goes;1572;10000
Battle of Millesimo;1796;9988
Battle of Tippermuir;1644;9950
Battle of St.Fagans;1648;9900
Battle of Morgarten;1315;9500
Battle of Tewkesbury;1471;9500
Battle of Brouwershaven;1426;9200
Battle of Baugé;1421;9000
Battle of Kappel;1531;9000
Battle of Un no Kuchi;1536;9000
Battle of the Yellow Ford;1598;9000
Battle of Sainte-Foy;1760;8800
Battle of Uddevalla;1677;8600
Battle of Blanchetaque;1346;8500
Battle of Auberoche;1345;8500
Battle of Ponza;1435;8400
Battle of Cocherel;1364;8250
Siege of Savannah;1779;8250
Battle of White Plains;1776;8100
Battle of Roundway Down;1643;8100
Battle of Busanpo;1592;8000
Battle of Kashii;1615;8000
Battle of Jargeau;1429;8000
Siege of Fukuyo;1542;8000
Battle of Pollilur;1780;8000
Battle of Castlebar;1798;8000
Battle of Racławice;1794;8000
Battle of the Plains of Abraham;1759;7800
Battle of Ancrum Moor;1545;7700
Battle of Philiphaugh;1645;7700
Battle of Methven;1306;7500
Battle of Springfield;1780;7500
Battle of Heiligerlee (1568);1568;7320
Siege of Fukashi;1549;7200
Sieges of Toishi;1550;7000
First Battle of St Albans;1455;7000
Battle of Bapheus;1302;7000
Battle of Champtoceaux;1341;7000
Battle of Sedgemoor;1685;7000
Battle of Casteldelfino;1744;7000
Battle of Harlem Heights;1776;6800
Battle of Guilford Court House;1781;6600
Battle of Foulksmills;1798;6500
Battle of Mello;1358;6500
Battle of Meung-sur-Loire;1429;6500
Battle of Patay;1429;6500
Battle of Piperdean;1436;6500
Battle of Atoleiros;1384;6400
Battle of Otterburn;1388;6100
Battle of Guararapes;1649;6100
Battle of Maidstone;1648;6000
Battle of Koronowo;1410;6000
Battle of Ankara;1402;6000
Battle of San Romano;1432;6000
Battle of Hořice;1423;6000
Siege of Uehara;1541;6000
Siege of Fredriksten;1718;6000
Battle of Brentford;1642;5900
Battle of Fort Niagara;1759;5786
Battle of Princeton;1777;5700
Siege of Ryūgasaki;1545;5700
Battle of Valverde;1862;5600
Battle of La Roche-Derrien;1347;5500
Battle of the Slaak;1631;5500
Battles of Lexington and Concord;1775;5460
Battle of Auldearn;1645;5450
Battle of Sempach;1386;5400
Battle of Bunker Hill;1775;5400
Battle of Wallhof;1626;5100
Battle of Sablat;1619;5000
First Battle of Guararapes;1648;5000
Battle of Boroughbridge;1322;5000
Battle of Hadden Rig;1542;5000
Battle of Bunclody;1798;5000
Battle of Prestonpans;1745;4800
Battle of Dahlen;1568;4800
Battle of Pell's Point;1776;4750
Battle of Hill of Tara;1798;4700
Battle of Antrim;1798;4700
Battle of Świecino;1462;4700
Battle of Stephaniana;1344;4600
Battle of Alford;1645;4575
Battle of Aberdeen;1644;4544
Battle of Inverlochy;1645;4500
Battle of Bound Brook;1777;4500
Battle of Newtown;1779;4450
Battle of Preston;1715;4450
Battle of Quebec;1690;4306
Battle of Gerberoy;1435;4200
Siege of Nagakubo;1543;4200
Battle of Eutaw Springs;1781;4200
Battle of Cajamarca;1532;4168
Siege of Kuwabara;1542;4100
Battle of Baesweiler;1371;4100
Battle of Fort Oswego;1756;4100
Battle of Visby;1361;4000
Siege of Kojinyama;1544;4000
Frisian peasant rebellion;1515;4000
Battle of Carberry Hill;1567;4000
Battle of Trenton;1776;3900
Battle of Loudoun Hill;1307;3600
Siege of Jasna Góra;1655;3510
Battle of Oosterweel;1567;3500
Battle of Cadsand;1337;3500
Battle of Bryn Glas;1402;3500
Battle of Hexham;1464;3500
Battle of Bennington;1777;3450
Battle of Wofla;1542;3333
Battle of Mühldorf;1322;3200
Battle of Puná;1531;3168
Battle of Marstrand;1677;3100
Battle of Kolding;1658;3000
Capture of Bahia;1624;3000
Siege of Haengju Fortress;1593;3000
Battle of Burton Bridge;1322;3000
Battle of Trois-Rivières;1776;3000
Battle of Quebec;1775;3000
Battle of Alamance;1771;3000
Braddock Expedition;1755;2991
Siege of Fort St. Jean;1775;2750
Battle of Fort Beauséjour;1755;2732
Battle of Deutschbrod;1422;2650
Battle of Fort Ligonier;1758;2590
Battle of Wandiwash;1760;2550
Battle of Moore's Creek Bridge;1776;2550
Battle of Cowpens;1781;2550
Battle of Valcour Island;1776;2500
Battle of Mabila;1540;2500
Battle of Corrichie;1562;2500
Battle of Sudomĕř;1420;2400
Battle of Kepaniwai;1790;2400
Battle of Elmina;1637;2330
Battle of Muizenberg;1795;2270
Great Swamp Fight;1675;2150
Capture of Luanda;1641;2145
Battle of Imafuku;1614;2100
Battle of the Wabash;1791;2100
Battle of Turnhout;1789;2000
Battle of Brier Creek;1779;2000
Battle of Kings Mountain;1780;2000
Battle of Dryfe Sands;1593;2000
Battle on the Zuiderzee;1573;2000
Siege of Breda (1637);1637;2000
Battle of Tabocas;1645;2000
Battle of Chalagan;1412;2000
Battle of Lunalonge;1349;2000
Battle of Zatoka Świeża;1463;2000
Battle of Baçente;1542;1900
Battle of Mynydd Hyddgen;1401;1850
Battle of Glen Shiel;1719;1850
Battle of Groton Heights;1781;1840
Battle of Carlow;1798;1700
Battle of Picotin;1316;1700
Battle of Fort Charlotte;1780;1604
Battle of Three Rocks;1798;1600
Raid on the Medway;1667;1500
Capture of Fort Bute;1779;1453
Battle of Elmina;1625;1450
Battle of Baton Rouge;1779;1350
Battle of St. Louis;1780;1300
Battle of Oriskany;1777;1300
Battle of Chesma;1770;1300
Battle of Diu;1509;1300
Battle of Great Bridge;1775;1260
Battle of Fort Duquesne;1758;1250
Battle of Crooked Billet;1778;1250
Battle of Naas;1798;1250
Battle of Ballyellis;1798;1200
Battle of Mobile;1781;1200
Battle of Las Salinas;1538;1200
Battle of La Naval de Manila;1646;1200
Battle of Saint-Pol-de-Léon;1346;1180
Battle of Oulart Hill;1798;1130
Battle of the Rice Boats;1776;1050
Battle of Kettle Creek;1779;1025
Battle of Alligator Bridge;1778;1000
Battle of Fort Necessity;1754;1000
Battle of Kherlen;1409;1000
Battle of La Prairie;1691;990
Battle of Fishing Creek;1780;960
Battle of Trancoso;1385;900
Battle of Reading;1688;850
Battle of Kilcullen;1798;820
Battle of Kringen;1612;800
Battle of the Shirts
(Blàr na Léine, Kinloch-Lochy);1544;800
Battle of Sandwich;1460;800
Battle of The Cedars;1776;750
Second Battle of Tucson;1782;672
Battle of Prosperous;1798;657
Battle of Fort Cumberland;1776;600
Battle of Nesbit Moor;1402;600
Battle of Blue Licks;1782;532
Fourth Battle of Tucson;1784;520
Battle of Lochmaben Fair;1484;500
Battle of Fort Bull;1756;471
Battle of Vincennes;1779;462
Capture of Trincomalee;1782;450
Battle of Tuberneering;1798;400
Battle of Point Pleasant;1774;400
Battle of Arkinholm;1455;400
Battle of Shimbra Kure;1529;400
Battle of Punta Quemada;1525;370
First Battle of Tucson;1779;365
Battle of Longue-Pointe;1775;347
Battle of Bushy Run;1763;300
Capture of Fort Ticonderoga;1775;246
Battle of Burton Bridge;1643;200
Battle of Bloody Creek;1757;183
Battle of Bloody Creek;1711;170
Battle of Richmond Hill;1795;118
Battle of Machias;1775;95
Battle of Jumonville Glen;1754;87
Battle of Lake Pontchartrain;1779;72
Battle of the North Inch;1396;60
Combat of the Thirty;1351;60
Battle of Ballymore-Eustace;1798;45
Siege of Stirling Castle;1304;30
Battle of Gammelsdorf;1313;0
Battle of Manolada;1316;0
Battle of Montecatini;1315;0
Battle of Dysert O'Dea;1318;0
Battle of Chios;1319;0
Battle of Bliska (1322);1322;0
Battle of Ardnocher;1329;0
Siege of Kanegasaki (1337);1337;0
Battle of Arnemuiden;1338;0
Battle of Parabiago;1339;0
Battle of Río Salado;1340;0
Battle of Sluys;1340;0
Ottoman conquest of Adrianople;1361;0
Battle of Helsingborg;1362;0
Battle of North Walsham;1381;0
Battle of La Rochelle;1372;0
War of the Eight Saints;1375;0
Battle on Pyana River;1377;0
Battle of Dubravnica;1380;0
Battle of Les Espagnols sur Mer;1350;0
Battle of Ardres;1351;0
Battle of Brest;1342;0
Battle of Morlaix;1342;0
Battle of Gamenario;1345;0
Battle of Warns;1345;0
Battle of Ros Mhic Thriúin;1394;0
Battle of Rovine;1395;0
Battle of Savra;1385;0
Battle of Tochar Cruacháin Brí Eile;1385;0
Battle of Casalecchio;1402;0
Battle of Pwll Melyn;1405;0
Battle of Tuiteam Tarbhach;1406;0
Battle of Bramham Moor;1408;0
Battle of Sanluri;1409;0
Siege of Rouen;1418;0
Battle of La Rochelle;1419;0
Ottoman siege of Thessalonica;1422;0
Battle of St. James;1426;0
Battle of Beaugency;1429;0
Battle of Gomit;1445;0
Battle of Damghan;1447;0
Battle of Anghiari;1440;0
Siege of Novo Brdo;1440;0
Battle of Kunovica;1444;0
Battle of Inverlochy (1431);1431;0
Battle on the Po;1431;0
Siege of Compiègne;1430;0
Siege of Kamakura;1526;0
Battle of Gavinana;1530;0
Battle of Amba Sel;1531;0
Battle of Yaunis Khan;1516;0
Siege of Edo;1524;0
War of Urbino;1517;0
Battle of Shiojiritoge;1548;0
Battle of Sahart;1541;0
Battle of Jarte;1542;0
Battle of Alltan-Beath;1542;0
Battle of the Hill of the Jews;1542;0
First Battle of Azukizaka;1542;0
Battle of Ludford Bridge;1459;0
Battle of Northampton;1460;0
Battle of Leskovac;1454;0
Battle of Ferrybridge;1461;0
Battle of Mortimer's Cross;1461;0
Battle of Otlukbeli;1473;0
Siege of Neuss;1474;0
Battle of Edgecote Moor;1469;0
Battle of Lipnic;1470;0
Battle of Aldy Charrish;1487;0
Battle of Bloody Bay;1480;0
Granada War;1482;0
Battle of Negropont;1470;0
Battle of Polesella;1509;0
Battle of Sauchieburn;1488;0
Battle of Drumchatt (1497);1497;0
Battle of Modon;1500;0
The Wars of Castro;1641;0
Battle of Tuttlingen;1643;0
Battle of Lostwithiel;1644;0
Action of 30 September 1639;1639;0
Battle of the Downs;1639;0
Battle of Malacca;1640;0
Battle of Albrolhos (1631);1631;0
Battle of Rain or Battle of Lech
or
Battle of the River Lech;1632;0
Sack of Magdeburg;1631;0
Siege of Pembroke;1648;0
Battle of Puerto de Cavite;1647;0
Battle of Leghorn;1653;0
Battle of Portland;1653;0
Battle of Scheveningen;1653;0
Battle of the Gabbard;1653;0
Action of 2 May 1654;1654;0
Action of 23 March 1654;1654;0
Battle of Arras;1654;0
Battle of Bantry Bay;1689;0
Battle of Beachy Head;1690;0
Battle of Leuze;1691;0
Battle of Barfleur–La Hougue;1692;0
Battle of Lagos;1693;0
Battle of Augusta;1676;0
Battle of Bornholm;1676;0
Battle of Saint-Denis;1678;0
Battle of Bhangani;1686;0
Battle of Drumclog;1679;0
Final Battle of Saraighat;1671;0
Battle of Solebay;1672;0
Battle of Vågen;1665;0
Four Days' Battle;1666;0
St James' Day Battle;1666;0
Battle of Texel;1673;0
Siege of Bonn;1673;0
Battle of Lowestoft;1665;0
Battle of Cape Rachado;1606;0
Battle of Gibraltar;1607;0
Battle of Tennōji;1615;0
Battle of Lutter;1626;0
Battle of Oliwa;1627;0
Battle in the Bay of Matanzas;1628;0
Action of 1 February 1625;1625;0
Battle of Hansan Island;1592;0
Battle of Okpo;1592;0
Battle of Zutphen;1586;0
Battle of Chilchonryang;1597;0
Battle of Myeongnyang;1597;0
Battle of Noryang;1598;0
Battle of Bantam;1601;0
Dutch-Portuguese War;1601;0
Siege of Iwamura;1572;0
Battle of Haarlemmermeer;1573;0
Siege of Futamata;1572;0
Battle of Reimerswaal;1574;0
Siege of Itami (1574);1574;0
Battle of Nagashino;1575;0
First Battle of Kizugawaguchi;1576;0
Siege of Mitsuji;1576;0
Battle of Lillo;1574;0
Second Siege of Takatenjin;1580;0
Siege of Tottori;1581;0
Battle of Uchidehama;1582;0
Siege of Kyoto;1582;0
Siege of Takamatsu;1582;0
Siege of Kōzuki Castle;1578;0
Siege of Miki;1578;0
Siege of Itami (1579);1579;0
Battle of Azukizaka;1564;0
Battle of Renty;1554;0
Battle of Garbharry;1555;0
Battle of Djerba;1560;0
Battle of Jarnac;1569;0
Siege of Chōkōji;1570;0
Battle of Camperdown;1797;0
Battle of Cape St. Vincent;1797;0
Battle of the Nile;1798;0
Glorious First of June;1794;0
Battle of Cuddalore;1783;0
Battle of Fort Wayne;1790;0
Battle of Fallen Timbers;1794;0
Battle of Paulus Hook;1779;0
Battle of Stony Point;1779;0
Battle of Chillicothe;1779;0
Battle of Grenada;1779;0
Battle of St. Lucia;1778;0
Battle of Ushant;1778;0
Battle of Camden;1780;0
Battle of Cape St. Vincent;1780;0
Battle of Martinique;1780;0
Battle of Dogger Bank;1781;0
Battle of Fort Royal;1781;0
Battle of Negapatam;1782;0
Battle of Providien;1782;0
Battle of Sadras;1782;0
Battle of St. Kitts;1782;0
Battle of the Saintes;1782;0
Battle of Trincomalee;1782;0
Battle of Porto Praya;1781;0
Battle of the Chesapeake;1781;0
Second Battle of Ushant;1781;0
Siege of Negapatam;1781;0
Battle of Hobkirk's Hill;1781;0
Battle of Havana;1748;0
Battle of Kathio;1750;0
Battle of Cartagena;1758;0
Battle of Cuddalore;1758;0
Battle of Borgo;1768;0
Battle of Ponte Novu;1769;0
Battle of Quiberon Bay;1759;0
Battle of Lagos;1759;0
Battle of Maxen;1759;0
Battle of Cremona;1702;0
Battle of Vigo Bay;1702;0
Siege of Barcelona;1706;0
Battle of Palkhed;1728;0
Battle of Colachel;1741;0
Battle of Dynekilen;1716;0
Battle of the Salween River;1718;0
Battle of Rottofreddo;1746;0
Battle of Toulon;1744;0
Siege of Jaffa;1799;0
Battle of Engen;1800;0
